"Geography","Id","Geography.x","total.housing.units","percent.housing.units.occupied","percent.housing.units.owner.occupied","percent.housing.units.renter.occupied","total.population","percent.latino","percent.institutionalized","percent.white","percent.black","percent.asian","Under.5.years","X5.to.9.years","X10.to.14.years","X15.to.19.years","X20.to.24.years","X25.to.29.years","X30.to.34.years","X35.to.39.years","X40.to.44.years","X45.to.49.years","X50.to.54.years","X55.to.59.years","X60.to.64.years","X65.to.69.years","X70.to.74.years","X75.to.79.years","X80.to.84.years","X85.years.and.over","property.crime.rate.2010","violent.crime.rate.2010","total.households","percent.households.family","percent.households.family.w.kids.under18","percent.households.married.dinks","percent.households.singletons","average.household.size","average.family.size","percent.households.single.moms","percent.irish","percent.bachelor.s.degree","graduate.or.professional.degree","percent.bachelor.s.degree.or.higher","female.fertility.rate","percent.English.only","percent.other.than.English","percent.never.married","percent.born.in.US","percent.born.in.US.not.MA","percent.residence.1.yr.ago.same.house","percent.college.or.grad.school","Percent.grades.1to8.","percent.kindergarten","percent.foreign.born","percent.preschool"
"Abington","1600000US2500135","Abington CDP, Massachusetts",6377,"95.3","70.0","30.0","15985","1.9","0.5","92.5","2.1","1.8","5.8","6.2","6.7","6.5","5.6","6.6","6.4","6.9","7.8","8.7","8.2","7.1","5.5","4.2","2.6","2.1","1.5","1.5",2164.5,287.8,5962,"69.2","33.9","55.6","25.8","2.63","3.22","6.6","46.6","20.4","7.2","27.5",173,"92.7","7.3","29.4","94.7","8.0","92.2","27.0","38.3","7.4","4.9","9.9"
"Acushnet","1600000US2500530","Acushnet Center CDP, Massachusetts",1318,"94.2","76.7","23.3","3073","1.1","0.0","96.3","0.5","0.4","4.6","4.9","6.4","6.9","5.7","5.1","6.1","7.0","7.0","8.3","7.4","6.6","5.2","5.0","4.0","2.7","3.8","3.3",1417.1,203.8,1159,"62.4","19.3","42.3","30.8","2.35","2.96","4.0","14.8","11.2","5.4","16.6",19,"84.3","15.7","32.1","91.5","4.8","94.6","15.1","53.7","3.4","7.8","9.5"
"Agawam","1600000US2500840","Agawam Town city, Massachusetts",12139,"96.1","74.2","25.8","28438","3.3","2.4","94.6","1.5","1.8","4.7","5.2","6.3","6.3","5.1","5.3","4.9","5.9","7.2","8.3","8.5","7.6","6.7","4.9","3.3","3.1","2.9","3.9",914.3,165.3,11506,"64.4","26.5","48.3","30.1","2.42","3.02","5.7","23.8","16.2","9.3","25.4",232,"91.4","8.6","30.3","93.3","18.6","91.5","25.1","41.8","4.2","6.0","5.3"
"Amesbury","1600000US2501260","Amesbury Town city, Massachusetts",7110,"93.4","68.3","31.7","16283","1.9","1.3","96.3","0.7","0.7","6.1","6.1","6.3","5.8","5.1","5.4","6.0","7.1","8.3","9.1","9.1","7.3","6.0","3.6","2.6","2.3","1.9","1.9",1633.6,270.2,6543,"66.9","30.5","52.8","27.3","2.44","2.97","5.6","27.2","25.4","16.0","41.4",211,"94.0","6.0","31.5","93.9","22.5","90.9","15.0","44.1","6.8","5.2","8.5"
"Amherst","1600000US2501360","Amherst Center CDP, Massachusetts",3281,"94.3","37.4","62.6","19065","6.6","0.6","78.9","5.5","9.5","1.2","1.4","1.6","35.9","38.5","3.1","1.8","1.5","1.7","1.7","1.9","1.8","1.9","1.4","1.1","1.1","0.9","1.4",1480.7,214.2,2715,"48.9","23.5","38.5","33.2","2.32","2.78","6.9","21.3","33.1","36.5","69.6",57,"87.9","12.1","83.4","84.5","37.8","66.9","94.3","2.8","0.1","13.0","0.5"
"Andover","1600000US2501430","Andover CDP, Massachusetts",3483,"94.7","63.0","37.0","8762","4.3","3.0","89.4","1.7","5.1","4.5","5.7","6.4","7.4","10.7","3.4","4.2","5.4","6.5","8.0","7.3","6.2","5.6","3.9","3.6","3.4","3.3","4.3",997,45.2,3640,"62.1","31.1","46.1","35.4","2.26","2.94","9.2","25.7","28.3","28.4","56.7",35,"85.5","14.5","31.4","86.8","27.0","85.4","34.0","35.3","5.1","11.5","7.2"
"Arlington","1600000US2501640","Arlington CDP, Massachusetts",19974,"95.0","61.3","38.7","42844","3.3","0.5","85.7","2.4","8.3","6.6","5.9","5.3","4.1","3.4","5.7","7.9","8.2","8.5","8.3","7.6","6.8","6.0","4.0","3.3","3.0","2.8","2.8",1486.8,233.4,19007,"57.0","27.0","45.1","35.1","2.23","2.94","5.2","28.2","29.0","34.6","63.7",459,"82.2","17.8","35.1","84.0","26.5","88.4","24.8","40.5","7.2","15.1","8.5"
"Athol","1600000US2502515","Athol CDP, Massachusetts",3811,"88.5","63.8","36.2","8265","3.9","0.0","94.8","1.0","0.9","6.1","6.4","7.1","7.1","6.7","6.3","6.4","6.6","6.9","7.5","8.3","6.2","5.2","3.5","2.8","2.3","2.0","2.4",2175.4,561.1,3150,"62.0","28.2","42.9","32.6","2.48","3.14","11.1","18.1","9.7","2.7","12.4",66,"96.7","3.3","33.8","95.7","13.5","85.4","17.0","51.9","3.3","2.6","4.5"
"Attleboro","1600000US2502690","Attleboro city, Massachusetts",18022,"93.7","66.4","33.6","43593","6.3","1.0","87.1","3.0","4.5","6.4","6.1","6.3","6.2","5.6","6.4","6.5","7.3","8.3","8.3","8.1","6.3","5.3","3.7","2.7","2.3","2.0","2.0",1922.3,357.9,16393,"69.3","31.8","51.1","22.6","2.62","3.10","6.6","25.5","21.6","7.8","29.4",670,"85.1","14.9","33.8","88.5","29.4","87.7","22.8","40.0","4.9","10.5","7.3"
"Barnstable","1600000US2503690","Barnstable Town city, Massachusetts",26343,"73.0","75.0","25.0","45193","3.1","0.2","89.3","3.0","1.2","4.6","4.8","5.3","5.9","4.7","5.2","4.5","4.9","6.3","8.2","8.8","8.3","7.4","5.9","4.6","4.1","3.3","3.1",2936.3,787.7,20119,"62.4","23.0","48.9","30.6","2.22","2.79","4.7","25.8","22.5","14.2","36.7",488,"88.8","11.2","31.5","89.3","24.6","89.7","24.1","40.9","6.0","9.7","5.0"
"Belchertown","1600000US2504790","Belchertown CDP, Massachusetts",1243,"96.1","62.1","37.9","2899","4.5","0.0","91.0","1.8","2.7","6.8","7.7","7.1","6.9","5.5","5.3","5.7","6.0","7.5","8.3","8.6","6.6","5.8","3.7","2.8","2.6","1.7","1.4",1167.3,163.8,1160,"54.6","25.2","38.4","35.1","2.20","2.93","8.0","19.3","20.2","12.1","32.3",33,"92.7","7.3","35.5","92.9","14.0","83.9","24.7","26.9","21.3","6.6","12.4"
"Bellingham","1600000US2504965","Bellingham CDP, Massachusetts",1989,"97.4","72.6","27.4","4854","3.2","0.0","93.4","1.1","2.6","6.5","5.6","6.0","6.1","5.3","6.4","6.5","7.7","7.9","9.4","7.6","6.5","5.8","4.3","3.3","2.1","1.9","1.1",1708.3,128.6,1833,"68.5","30.0","50.2","25.2","2.50","3.00","6.8","31.9","29.9","8.8","38.6",161,"90.8","9.2","31.5","90.4","19.6","87.4","26.1","47.3","3.8","9.2","8.3"
"Belmont","1600000US2505105","Belmont CDP, Massachusetts",10184,"94.8","63.3","36.7","24729","3.0","0.6","83.5","1.8","11.1","6.3","7.0","7.0","6.0","3.6","5.1","5.7","6.9","8.1","8.2","8.0","6.7","5.7","4.6","3.3","2.9","2.4","2.6",1334.5,125.4,9465,"70.3","34.0","58.8","22.9","2.56","3.06","5.5","24.8","28.2","41.6","69.8",401,"73.4","26.6","29.1","78.0","25.6","86.4","24.3","36.9","4.0","20.8","11.0"
"Beverly","1600000US2505595","Beverly city, Massachusetts",16641,"95.2","60.7","39.3","39502","3.5","1.3","93.3","1.6","1.7","5.3","5.1","5.4","7.6","8.3","6.3","5.8","6.0","6.6","7.8","7.9","7.1","6.1","4.1","2.8","2.7","2.5","2.6",1663.2,291.1,15278,"61.1","26.0","48.4","31.3","2.38","3.04","5.1","26.5","24.8","17.4","42.3",295,"92.2","7.8","35.0","92.3","23.2","86.6","42.0","29.1","3.8","6.1","8.5"
"Boston","1600000US2507000","Boston city, Massachusetts",272481,"92.7","33.9","66.1","617594","17.5","1.1","53.9","24.4","8.9","5.2","4.3","4.3","8.1","14.3","12.1","8.6","6.6","5.9","5.8","5.5","4.9","4.2","3.0","2.3","1.8","1.5","1.5",3340.1,942.2,247621,"47.0","21.5","26.3","37.9","2.29","3.12","9.6","16.1","23.4","19.4","42.8",8658,"63.9","36.1","58.3","69.8","24.6","75.9","55.1","23.2","4.0","27.1","4.1"
"Bourne","1600000US2507140","Bourne CDP, Massachusetts",963,"70.1","75.4","24.6","1418","0.8","0.0","93.7","0.9","1.5","3.7","4.7","4.6","3.8","3.7","4.9","3.6","4.4","5.1","8.2","9.9","9.8","10.4","6.8","5.4","5.2","3.7","2.4",3346.2,394.9,699,"51.4","11.6","43.8","41.1","2.01","2.64","0.0","32.1","34.9","12.0","46.9",0,"98.0","2.0","35.6","100.0","15.9","100.0","44.6","33.1","0.0","0.0","5.2"
"Braintree","1600000US2507740","Braintree Town city, Massachusetts",14302,"96.0","73.2","26.8","35744","2.5","1.5","86.7","2.7","7.6","5.8","6.5","6.6","5.7","4.7","5.8","5.9","6.5","7.7","8.2","7.6","6.5","5.5","4.4","3.6","3.3","2.8","2.9",2618.6,170.7,13267,"68.6","31.5","53.6","25.1","2.63","3.23","5.3","43.9","23.6","12.0","35.6",352,"85.5","14.5","32.1","87.9","10.2","89.9","24.5","38.4","5.5","11.2","7.3"
"Brewster","1600000US2507945","Brewster CDP, Massachusetts",2156,"45.6","80.7","19.3","2000","1.2","2.0","96.8","0.4","1.5","2.5","3.3","3.7","6.5","4.1","2.4","2.7","2.3","4.0","6.4","8.5","8.1","10.8","9.0","7.7","7.1","5.5","5.9",2281.1,213.8,1117,"54.6","11.5","48.8","37.2","2.00","2.62","4.6","32.6","34.7","18.8","53.5",0,"94.4","5.6","27.8","95.0","40.3","89.8","31.9","31.1","7.9","3.8","3.7"
"Bridgewater","1600000US2508050","Bridgewater CDP, Massachusetts",2596,"92.7","41.5","58.5","7841","3.7","0.5","89.2","4.9","1.8","3.3","3.1","3.2","18.8","26.6","6.5","4.5","4.6","4.6","5.1","4.7","3.6","3.1","2.8","1.4","1.3","1.3","1.5",677.6,282.3,2359,"52.8","18.3","38.0","28.6","2.32","2.83","6.8","33.2","16.8","8.7","25.5",41,"87.7","12.3","58.9","90.8","13.9","75.5","81.8","16.5","0.0","8.1","0.7"
"Brockton","1600000US2509000","Brockton city, Massachusetts",35552,"93.7","55.8","44.2","93810","10.0","1.2","46.7","31.2","2.3","7.3","6.9","6.9","7.5","7.0","6.6","6.7","6.6","7.0","7.4","7.1","6.1","5.0","3.7","2.7","2.1","1.6","1.8",3063.6,1160.9,33238,"67.4","34.5","36.5","26.8","2.77","3.37","14.1","17.7","13.0","5.2","18.2",1413,"64.8","35.2","44.9","72.2","9.3","84.6","23.7","40.9","4.4","24.3","5.4"
"Brookline","1600000US2509210","Brookline CDP, Massachusetts",26448,"94.9","48.8","51.2","58732","5.0","0.8","76.7","3.4","15.6","5.5","5.2","4.4","4.8","11.3","11.8","8.6","7.2","6.0","5.7","5.5","5.7","5.7","3.8","2.7","2.1","1.9","2.3",1440.4,277.5,24891,"52.9","25.8","44.1","34.4","2.28","2.93","4.0","13.0","29.4","50.6","80.0",707,"69.6","30.4","39.2","72.3","37.1","81.6","45.3","28.5","4.3","25.8","7.6"
"Burlington","1600000US2509875","Burlington CDP, Massachusetts",9668,"95.9","71.9","28.1","24498","2.4","0.0","80.8","3.3","13.4","5.7","6.3","6.3","5.5","4.6","5.9","6.9","6.5","7.5","8.3","7.2","6.5","6.0","4.6","4.0","3.7","2.6","1.9",2832.9,191.9,9177,"72.1","31.9","61.8","23.6","2.63","3.15","3.6","32.2","26.4","21.0","47.4",297,"78.5","21.5","27.6","81.4","14.6","88.2","22.9","46.6","5.4","17.6","7.5"
"Cambridge","1600000US2511000","Cambridge city, Massachusetts",47291,"93.1","34.6","65.4","105162","7.6","0.3","66.6","11.7","15.1","4.3","2.9","2.6","6.6","15.8","17.1","11.6","6.9","5.0","4.4","4.5","4.5","4.3","3.2","2.1","1.7","1.3","1.3",3073.4,452.6,45386,"41.9","17.6","31.1","40.9","2.04","2.77","4.5","14.8","29.8","43.2","73.1",1538,"68.5","31.5","56.5","70.4","37.7","72.9","72.3","14.5","3.0","27.4","3.5"
"Chelsea","1600000US2513205","Chelsea city, Massachusetts",12621,"93.7","28.7","71.3","35177","62.1","1.6","47.8","8.5","3.1","8.7","6.6","5.9","7.0","8.2","9.8","9.7","8.2","7.3","6.5","5.4","4.4","3.6","2.5","1.9","1.6","1.3","1.5",3906,1773.9,12035,"62.0","36.0","32.8","32.6","2.84","3.55","14.0","5.9","8.8","5.7","14.5",733,"32.2","67.8","51.0","49.8","5.6","83.9","22.8","41.6","7.1","44.1","8.2"
"Chicopee","1600000US2513660","Chicopee city, Massachusetts",25140,"94.4","58.8","41.2","55298","14.8","0.6","86.8","3.7","1.3","5.6","5.4","5.7","7.0","6.9","7.2","6.2","5.8","6.4","7.2","7.6","6.9","6.0","4.4","3.3","3.0","2.6","2.7",3056.2,495.5,23136,"58.9","24.7","40.6","35.3","2.33","3.05","8.0","16.2","11.1","5.0","16.1",607,"78.8","21.2","37.2","85.6","14.7","86.2","24.7","40.4","6.9","8.9","4.2"
"Clinton","1600000US2514430","Clinton CDP, Massachusetts",3607,"89.5","44.9","55.1","7389","15.0","0.0","86.7","3.6","1.0","5.9","5.2","6.0","6.4","7.2","7.3","6.6","6.9","7.6","7.7","8.4","6.7","5.2","3.5","2.7","2.2","2.2","2.4",426.3,147,3032,"61.6","31.5","41.5","32.1","2.45","3.11","8.1","31.0","18.0","9.5","27.5",129,"80.6","19.4","37.7","82.6","14.7","78.4","27.3","37.6","4.6","16.2","9.1"
"Danvers","1600000US2516285","Danvers CDP, Massachusetts",11135,"95.3","69.9","30.1","26493","2.3","2.1","95.2","1.1","1.9","5.0","5.6","6.4","5.9","4.7","5.3","5.1","5.8","7.4","8.9","8.6","7.5","5.8","4.7","3.5","3.3","3.3","3.3",3638.7,173.6,10282,"67.4","29.7","54.6","28.3","2.50","3.09","4.9","26.4","27.0","13.3","40.2",237,"91.6","8.4","28.6","93.8","13.7","91.5","24.8","40.6","4.9","5.6","7.7"
"Dedham","1600000US2516530","Dedham CDP, Massachusetts",10191,"94.7","72.2","27.8","24729","5.5","4.2","88.4","5.4","2.6","5.4","5.6","6.0","5.6","5.0","5.5","5.8","6.3","7.5","8.4","7.9","7.0","5.8","4.2","3.6","3.4","3.2","3.9",2551.7,153.7,9528,"66.5","29.4","54.9","28.2","2.48","3.09","5.2","37.3","26.0","18.1","44.2",303,"84.6","15.4","31.2","86.4","14.1","90.5","28.3","40.5","3.1","12.1","7.2"
"Dennis","1600000US2516740","Dennis CDP, Massachusetts",2533,"47.4","83.4","16.6","2407","1.5","0.0","96.9","0.6","0.3","2.5","3.1","3.5","3.4","2.9","2.7","2.5","2.7","4.3","5.0","7.1","9.6","12.1","12.3","8.3","6.7","6.1","4.9",4483.7,520.9,1220,"59.5","13.7","53.3","35.4","1.91","2.43","1.2","32.6","31.7","17.7","49.4",11,"97.5","2.5","10.8","94.8","30.8","95.9","16.2","45.2","5.9","4.2","2.5"
"Duxbury","1600000US2517860","Duxbury CDP, Massachusetts",737,"87.4","84.9","15.1","1802","0.7","0.0","98.4","0.3","0.7","4.2","8.0","10.8","8.0","2.5","1.7","1.6","3.7","8.9","9.6","8.2","8.1","8.3","4.6","4.2","2.6","2.9","2.0",723.8,79.7,555,"65.8","32.1","64.0","30.3","2.63","3.42","1.8","31.2","44.6","36.5","81.1",9,"99.3","0.7","12.3","97.2","43.0","88.8","5.2","50.7","16.4","2.8","11.0"
"Easthampton","1600000US2519370","Easthampton Town city, Massachusetts",7615,"94.9","62.1","37.9","16053","3.7","0.0","93.6","1.1","2.4","4.8","4.9","5.0","5.3","5.2","6.7","7.0","7.0","6.8","8.6","8.3","8.5","7.4","4.2","2.7","2.5","2.4","2.6",1108.8,168.2,7458,"56.4","22.1","41.8","35.1","2.14","2.81","4.6","24.3","16.4","14.7","31.1",123,"88.5","11.5","34.8","91.7","20.9","86.8","29.2","40.1","2.4","7.3","7.4"
"Everett","1600000US2521990","Everett city, Massachusetts",16715,"93.0","39.9","60.1","41667","21.1","0.4","62.8","14.3","4.8","6.9","5.9","6.0","6.6","7.2","8.8","8.0","7.5","7.9","7.4","6.5","5.5","4.2","3.2","2.4","2.3","1.9","1.7",2889.6,547.2,15681,"63.0","29.9","40.8","30.5","2.61","3.27","8.2","14.8","11.3","5.2","16.5",732,"54.3","45.7","40.5","63.1","6.6","84.2","27.6","39.8","7.3","36.0","5.2"
"Fall River","1600000US2523000","Fall River city, Massachusetts",42750,"90.0","35.7","64.3","88857","7.4","1.2","87.0","3.9","2.6","6.5","5.7","5.6","6.3","7.1","7.9","6.9","6.6","7.0","6.9","7.0","6.0","5.3","4.2","2.9","2.7","2.5","2.9",3715,1224.4,38245,"58.2","26.1","35.2","35.0","2.29","2.99","11.9","10.8","9.7","4.4","14.1",1301,"65.8","34.2","40.6","78.4","11.2","83.6","23.1","41.1","4.7","19.1","6.2"
"Falmouth","1600000US2523070","Falmouth CDP, Massachusetts",3279,"61.8","52.4","47.6","3799","1.4","5.6","91.6","2.2","1.8","2.7","3.0","3.0","3.8","3.4","3.8","3.8","3.6","5.1","6.4","7.4","7.5","8.7","8.8","6.7","7.2","6.8","8.2",3704.3,396.4,2116,"33.7","8.3","26.2","58.7","1.59","2.53","1.7","33.3","22.4","18.0","40.4",0,"93.8","6.2","26.5","95.9","31.5","87.4","45.4","12.9","0.0","3.9","5.1"
"Fitchburg","1600000US2523875","Fitchburg city, Massachusetts",17117,"88.6","54.0","46.0","40318","21.6","1.7","78.2","5.1","3.6","6.7","6.0","6.1","8.5","9.7","6.7","6.6","6.3","6.3","7.1","7.0","5.9","4.6","3.3","2.7","2.0","2.2","2.2",2777.9,778.8,14741,"65.5","31.2","41.4","27.6","2.57","3.13","10.3","16.5","14.2","6.1","20.2",698,"76.0","24.0","43.4","82.4","14.8","83.7","37.9","36.5","3.6","10.9","4.2"
"Framingham","1600000US2524960","Framingham CDP, Massachusetts",27529,"95.1","55.5","44.5","68318","13.4","2.6","71.9","5.8","6.3","6.7","5.5","5.4","6.4","6.7","7.5","7.6","7.3","7.6","7.7","6.9","6.0","5.2","3.7","2.7","2.4","2.3","2.6",2062.4,276.6,26167,"63.9","30.2","49.4","29.5","2.44","3.05","6.1","16.6","25.4","18.4","43.8",1140,"65.0","35.0","35.8","70.5","18.8","83.1","32.9","34.4","5.7","26.1","8.0"
"Franklin","1600000US2525172","Franklin Town city, Massachusetts",11394,"96.5","79.7","20.3","31635","2.0","0.2","92.8","1.4","3.8","6.1","8.4","8.9","8.4","4.8","4.1","4.6","7.0","9.0","10.1","8.7","6.1","4.5","2.9","2.1","1.8","1.3","1.3",401.5,37.9,10866,"73.4","42.9","62.8","22.7","2.80","3.35","4.4","32.2","30.6","17.4","48.0",478,"90.7","9.3","29.1","92.0","21.1","90.0","24.5","43.9","4.6","6.9","8.1"
"Gardner","1600000US2525485","Gardner city, Massachusetts",9126,"90.1","54.9","45.1","20228","7.1","6.0","91.4","2.8","1.4","6.0","5.4","5.6","6.3","6.1","6.5","6.4","6.7","7.3","8.5","8.1","6.7","5.6","3.8","2.6","2.8","2.7","2.9",3070,464.7,8037,"61.5","29.8","46.8","30.2","2.38","3.00","8.3","19.4","13.4","5.9","19.3",387,"88.1","11.9","37.9","89.9","15.1","79.7","24.5","36.4","5.4","8.1","8.9"
"Gloucester","1600000US2526150","Gloucester city, Massachusetts",14557,"85.8","62.0","38.0","28789","2.7","0.8","95.7","0.8","0.9","4.5","4.9","5.6","5.7","5.0","5.2","4.6","5.5","6.7","8.5","9.1","8.9","8.0","5.5","3.7","3.2","2.7","2.6",2247.4,111.2,12310,"63.8","22.1","50.1","30.1","2.32","2.92","5.3","20.4","19.6","13.5","33.0",138,"89.4","10.6","27.1","91.7","18.2","91.0","21.8","44.1","4.3","7.5","8.8"
"Greenfield","1600000US2527100","Greenfield Town city, Massachusetts",8377,"93.7","55.7","44.3","17456","4.9","2.6","92.4","1.7","1.4","5.8","5.1","5.3","5.9","6.0","6.3","5.8","6.2","6.9","7.3","8.3","7.8","6.8","4.3","3.0","2.5","2.7","4.0",3053.4,710.4,7717,"57.1","27.1","35.9","34.9","2.18","2.73","11.4","18.4","16.0","10.5","26.5",232,"93.2","6.8","41.0","93.3","26.6","82.4","22.7","37.9","3.0","5.1","7.3"
"Groton","1600000US2527445","Groton CDP, Massachusetts",505,"93.3","59.0","41.0","1124","1.1","0.0","95.9","1.0","1.0","6.0","7.7","8.2","5.9","3.9","3.5","3.6","6.0","7.5","8.8","8.5","8.6","6.9","4.1","4.7","2.2","1.8","2.2",347.5,0,507,"56.6","23.7","41.2","43.4","1.99","2.71","5.5","32.5","31.9","29.3","61.2",0,"93.4","6.6","37.4","92.9","31.2","97.0","35.7","29.1","8.6","5.4","4.6"
"Hanson","1600000US2528460","Hanson CDP, Massachusetts",719,"96.7","93.5","6.5","2118","1.2","0.0","97.3","0.5","0.7","6.1","7.6","8.1","7.7","4.7","4.9","4.1","6.7","9.3","8.0","8.4","6.4","6.3","4.9","2.8","1.8","0.8","1.2",1322.4,440.8,666,"81.2","36.0","70.3","16.8","2.90","3.30","2.9","46.4","16.6","11.7","28.3",10,"98.5","1.5","24.1","99.4","8.1","95.2","15.0","55.2","0.0","0.0","6.0"
"Harwich","1600000US2529055","Harwich Center CDP, Massachusetts",1221,"69.3","76.4","23.6","1798","1.8","1.4","91.7","2.4","0.6","4.8","3.8","4.5","4.6","3.4","3.3","3.4","4.8","5.6","7.2","8.4","8.7","9.1","7.3","6.2","5.1","4.3","5.5",2213.5,277.7,813,"58.1","26.8","39.9","38.6","2.25","2.95","8.7","25.3","23.5","15.0","38.5",36,"89.6","10.4","34.2","88.4","26.2","77.0","16.8","35.6","5.7","11.6","13.1"
"Haverhill","1600000US2529405","Haverhill city, Massachusetts",25657,"94.1","61.6","38.4","60879","14.5","1.1","86.0","3.4","1.6","7.0","6.2","6.0","6.1","6.2","6.9","6.9","6.8","7.7","8.2","7.8","6.6","5.3","3.5","2.5","2.1","1.8","2.2",2669.2,574.9,24334,"62.4","30.8","43.9","30.9","2.44","3.08","8.2","24.5","20.8","9.3","30.1",803,"80.1","19.9","35.9","87.7","16.0","86.1","25.1","40.2","6.5","10.0","8.5"
"Hingham","1600000US2530175","Hingham CDP, Massachusetts",2114,"96.3","80.5","19.5","5650","1.0","0.0","96.8","0.3","1.0","7.0","10.2","8.8","6.6","2.6","2.2","3.1","7.0","8.3","8.7","8.6","6.5","6.1","5.0","3.4","2.2","1.9","1.9",1385.6,31.6,2117,"73.4","38.0","65.1","24.3","2.76","3.36","1.3","37.3","39.4","32.8","72.1",85,"95.4","4.6","18.9","94.2","25.6","95.0","11.9","49.5","8.7","4.9","17.1"
"Holbrook","1600000US2530420","Holbrook CDP, Massachusetts",4274,"96.0","76.3","23.7","10791","4.4","0.3","82.8","9.0","2.9","5.9","5.9","6.4","6.1","5.9","5.4","6.0","6.7","7.1","8.8","8.5","6.7","5.8","4.3","2.9","3.0","2.6","1.9",2261.1,546.8,4193,"68.1","27.1","54.4","27.3","2.55","3.10","6.9","38.9","17.3","7.5","24.8",172,"85.5","14.5","31.6","86.0","11.4","89.9","20.9","50.7","4.7","10.5","4.1"
"Holyoke","1600000US2530840","Holyoke city, Massachusetts",16384,"93.8","41.6","58.4","39880","48.4","2.7","66.0","4.7","1.1","7.7","6.8","7.0","7.8","7.3","7.2","6.2","5.9","6.2","6.6","6.5","5.7","5.0","3.7","2.7","2.4","2.2","3.2",6777.8,1196.1,16012,"60.9","31.2","30.2","31.9","2.42","3.08","15.9","14.6","14.1","6.3","20.4",632,"55.9","44.1","47.4","73.0","19.0","84.9","19.5","45.9","7.6","5.4","6.0"
"Hopkinton","1600000US2531050","Hopkinton CDP, Massachusetts",1028,"95.1","71.8","28.2","2550","2.3","2.9","94.5","0.9","3.1","5.5","6.5","8.7","6.2","4.2","4.2","4.1","6.3","8.8","8.8","8.0","6.1","5.6","3.8","3.8","3.4","2.7","3.2",656.6,13.4,877,"64.1","22.2","51.8","35.9","2.31","2.97","3.2","30.2","28.4","17.3","45.7",0,"92.9","7.1","25.3","91.6","29.7","97.2","20.4","42.9","7.7","6.6","11.2"
"Hudson","1600000US2531575","Hudson CDP, Massachusetts",6381,"94.0","67.8","32.2","14907","4.8","0.0","90.9","1.7","2.1","6.1","6.1","6.2","5.8","4.8","6.4","6.5","7.3","7.6","8.2","7.9","6.0","6.0","4.3","3.7","3.1","2.2","1.7",1316.7,125.9,6129,"65.1","28.7","49.9","29.9","2.41","2.97","5.6","27.8","22.4","11.1","33.5",285,"78.9","21.1","34.6","83.1","15.5","90.2","17.9","39.2","5.2","16.3","9.4"
"Hull","1600000US2531680","Hull CDP, Massachusetts",5762,"80.4","70.5","29.5","10293","1.7","0.0","95.2","0.9","1.0","4.1","4.6","5.2","5.2","4.6","4.1","4.9","5.5","7.1","9.9","10.4","10.2","8.6","5.7","3.8","2.8","1.7","1.5",1651.6,573.2,4672,"55.3","22.3","42.7","35.8","2.22","2.93","5.0","42.7","24.5","12.2","36.7",74,"92.9","7.1","32.2","92.8","21.0","90.3","20.1","35.8","1.4","5.7","12.5"
"Ipswich","1600000US2532275","Ipswich CDP, Massachusetts",1979,"92.9","59.5","40.5","4222","2.2","1.2","95.0","0.5","1.4","5.6","5.8","6.1","6.6","4.8","6.0","5.2","6.3","7.7","8.9","9.0","7.1","5.5","3.5","3.0","2.8","2.7","3.4",1062.6,60.7,1831,"54.7","25.3","38.8","37.9","2.13","2.91","5.7","23.5","31.1","14.0","45.1",32,"93.3","6.7","42.2","94.2","23.6","87.5","23.4","36.4","5.5","4.9","8.5"
"Kingston","1600000US2533185","Kingston CDP, Massachusetts",2496,"90.3","73.7","26.3","5591","1.1","0.0","95.6","1.3","0.8","5.9","6.7","6.3","5.8","5.3","5.7","5.6","6.9","8.2","8.0","8.6","7.5","6.2","4.6","2.8","2.3","1.9","1.8",2581.4,300.9,2250,"64.9","28.2","46.6","26.4","2.52","3.02","7.5","28.1","25.1","12.4","37.4",46,"95.9","4.1","38.1","97.5","18.0","91.9","20.9","46.9","8.3","2.2","8.7"
"Lawrence","1600000US2534550","Lawrence city, Massachusetts",27137,"92.8","31.2","68.8","76377","73.8","0.7","42.8","7.6","2.5","8.4","7.6","7.9","8.9","8.5","7.9","7.1","6.7","6.9","6.7","5.9","5.0","3.9","2.6","2.0","1.4","1.2","1.3",3125.3,826.2,27048,"67.9","39.2","29.9","26.8","2.77","3.31","20.2","4.8","7.1","4.6","11.7",1344,"25.4","74.6","47.9","52.2","9.8","81.8","20.8","42.5","6.0","36.1","5.5"
"Leominster","1600000US2535075","Leominster city, Massachusetts",17873,"93.8","58.6","41.4","40759","14.5","0.6","83.8","5.1","2.8","5.9","6.1","6.5","6.6","5.8","6.2","6.2","6.6","7.3","8.5","7.9","6.7","5.5","4.0","2.9","2.6","2.2","2.5",3248.4,696.8,16095,"67.6","29.3","47.4","26.2","2.52","3.04","8.0","19.0","16.3","7.0","23.2",494,"76.7","23.3","33.8","81.8","12.1","87.9","24.5","43.1","2.9","13.6","8.1"
"Lexington","1600000US2535250","Lexington CDP, Massachusetts",12019,"95.9","79.5","20.5","31394","2.3","1.3","75.5","1.5","19.9","4.6","7.5","8.6","7.2","2.7","2.2","2.9","5.3","7.8","9.3","8.7","8.1","6.5","4.8","3.9","3.4","3.1","3.5",955.6,60.5,11411,"79.2","39.8","68.3","18.7","2.68","3.06","4.3","18.0","27.0","50.7","77.7",193,"71.5","28.5","22.1","75.7","28.8","92.5","15.9","43.0","4.6","23.3","9.8"
"Longmeadow","1600000US2536335","Longmeadow CDP, Massachusetts",5948,"96.5","89.6","10.4","15784","2.3","1.2","92.4","1.1","4.7","4.7","7.3","8.2","8.0","4.1","2.1","2.9","5.1","7.0","8.7","8.3","7.8","6.9","4.8","3.7","3.1","3.0","4.2",1716.9,31.7,5605,"77.4","37.5","67.8","21.2","2.72","3.14","2.9","23.6","29.7","33.7","63.4",147,"87.3","12.7","25.4","88.7","30.6","91.7","23.2","36.8","9.0","9.7","6.8"
"Lowell","1600000US2537000","Lowell city, Massachusetts",41431,"92.9","45.2","54.8","106519","17.3","1.0","60.3","6.8","20.2","7.3","6.3","5.9","8.2","9.5","8.7","7.4","6.6","6.8","6.9","6.7","5.5","4.2","3.0","2.2","1.8","1.5","1.5",3359,1128.4,39399,"61.6","31.4","36.7","30.5","2.60","3.27","11.5","18.6","15.7","7.6","23.3",1798,"57.7","42.3","45.9","70.0","12.0","82.8","32.7","36.1","5.3","24.4","4.8"
"Lunenburg","1600000US2537385","Lunenburg CDP, Massachusetts",700,"95.9","90.3","9.7","1760","2.7","0.3","95.0","1.0","1.1","4.7","5.6","6.6","7.2","4.4","4.4","4.6","5.5","6.4","9.0","9.0","8.5","6.8","5.5","4.3","3.6","1.8","2.1",2528.3,168.6,470,"78.7","25.3","61.7","18.5","2.58","2.97","6.8","14.1","21.1","19.7","40.8",0,"80.3","19.7","21.2","89.2","12.8","85.8","12.5","56.0","0.0","10.1","0.0"
"Lynn","1600000US2537490","Lynn city, Massachusetts",35776,"93.1","47.4","52.6","90329","32.1","0.3","57.6","12.8","7.0","7.4","6.6","6.5","7.4","7.8","7.8","7.0","6.7","6.9","7.0","7.0","5.9","4.6","3.3","2.6","2.1","1.7","1.7",2763.2,846.9,34018,"64.5","32.6","35.1","30.0","2.62","3.23","11.8","16.8","11.0","6.2","17.2",1365,"57.6","42.4","45.5","67.5","9.0","84.1","25.3","39.5","5.3","29.6","5.4"
"Lynnfield","1600000US2537595","Lynnfield CDP, Massachusetts",4354,"96.0","89.4","10.6","11596","1.7","0.0","94.7","0.5","3.3","4.5","7.4","8.6","6.8","3.8","3.1","3.2","5.1","8.2","9.5","8.5","7.3","6.4","5.1","3.6","3.4","2.7","2.8",1595.4,94.9,4069,"80.2","37.1","69.7","18.2","2.83","3.24","2.9","31.3","29.9","21.0","50.9",61,"89.6","10.4","25.5","90.2","14.5","93.9","20.3","42.5","4.0","9.1","5.5"
"Malden","1600000US2537875","Malden city, Massachusetts",25161,"94.1","42.2","57.8","59450","8.4","0.2","56.7","14.8","20.1","6.3","5.1","5.0","5.4","7.3","9.9","9.0","7.7","7.4","7.3","7.1","6.0","4.8","3.3","2.7","2.2","1.8","1.7",2511.4,484.4,23422,"61.3","27.7","43.3","30.4","2.50","3.17","6.9","16.3","18.0","12.2","30.2",872,"51.3","48.7","42.9","59.0","9.0","81.8","37.8","33.5","5.0","39.5","6.1"
"Mansfield","1600000US2538230","Mansfield Center CDP, Massachusetts",3300,"93.8","59.4","40.6","7360","2.1","0.0","92.6","2.6","2.8","6.0","6.8","6.6","6.4","5.5","6.0","6.2","7.5","8.5","9.6","8.8","5.8","4.9","3.2","1.9","2.1","1.7","2.5",1677.9,207,3022,"65.1","38.6","44.9","26.0","2.62","3.11","7.5","35.3","28.7","11.5","40.3",228,"93.1","6.9","45.4","93.2","16.7","79.0","15.8","35.5","9.2","5.5","13.1"
"Marblehead","1600000US2538435","Marblehead CDP, Massachusetts",8838,"92.1","77.7","22.3","19808","2.1","0.6","96.4","0.8","1.0","5.2","7.5","7.8","6.0","3.0","2.5","3.4","5.4","7.8","9.2","8.8","8.5","7.9","5.8","3.5","2.9","2.4","2.4",939,131.3,7898,"69.7","35.0","60.7","26.5","2.49","3.05","4.9","26.0","35.8","31.0","66.8",207,"91.3","8.7","23.3","91.8","26.6","89.0","18.4","42.4","5.3","7.3","12.8"
"Marshfield","1600000US2538820","Marshfield CDP, Massachusetts",1856,"96.4","66.6","33.4","4335","0.9","0.0","96.7","0.5","0.7","5.2","6.3","7.2","5.8","4.6","4.1","4.4","5.5","7.6","9.2","8.3","7.4","6.9","5.5","3.9","4.0","2.1","2.0",1225.5,151.2,1838,"61.8","27.6","54.4","33.3","2.45","3.22","2.2","42.1","25.5","10.9","36.4",0,"90.8","9.2","27.5","88.4","12.4","93.1","22.9","46.4","6.0","9.5","5.8"
"Maynard","1600000US2539660","Maynard CDP, Massachusetts",4447,"95.3","71.2","28.8","10106","3.7","0.0","92.7","1.7","2.7","7.1","6.5","5.4","5.2","4.0","4.8","6.9","7.9","8.4","9.1","8.6","7.4","5.8","3.9","3.2","2.1","1.9","1.7",821.3,356.2,4222,"59.6","27.7","51.5","34.2","2.39","3.18","3.1","28.1","28.3","17.7","46.0",323,"87.9","12.1","29.6","89.2","20.5","89.9","24.8","36.2","7.8","9.7","11.0"
"Medfield","1600000US2539730","Medfield CDP, Massachusetts",2506,"95.9","80.5","19.5","6483","1.5","0.6","94.4","0.9","3.2","5.3","7.7","9.4","8.2","3.7","2.5","3.4","4.9","8.1","10.4","9.8","7.8","5.2","3.8","2.5","2.6","2.4","2.2",548.9,41.6,2357,"72.5","40.3","61.6","22.4","2.70","3.24","3.5","35.0","32.4","27.0","59.4",53,"92.8","7.2","28.1","92.3","26.7","92.7","10.5","49.8","5.6","7.0","7.7"
"Medford","1600000US2539835","Medford city, Massachusetts",24046,"94.9","57.1","42.9","56173(r16167)","4.4","0.9","78.6","8.8","6.9","5.2","4.3","4.3","6.0","8.3","9.8","8.2","7.0","6.7","6.8","6.9","6.1","5.1","3.7","3.1","3.0","2.6","2.8",NA,NA,22461,"59.7","22.8","46.1","27.8","2.37","2.94","4.3","22.9","24.2","17.5","41.7",622,"74.2","25.8","39.7","77.4","18.8","82.0","51.7","25.9","2.9","21.2","5.8"
"Melrose","1600000US2540115","Melrose city, Massachusetts",11751,"95.4","66.6","33.4","26983","2.5","0.8","91.1","2.4","3.8","5.9","6.3","6.2","5.1","4.0","5.7","6.4","7.3","8.0","8.2","7.7","6.9","6.4","4.6","3.2","2.9","2.5","2.7",1078.5,129.7,10963,"65.6","28.7","55.1","29.3","2.42","3.03","3.1","35.1","28.9","21.7","50.6",380,"82.7","17.3","29.5","85.2","17.7","90.0","24.9","43.0","3.9","13.7","8.6"
"Methuen","1600000US2540710","Methuen Town city, Massachusetts",18340,"95.6","71.1","28.9","47255","18.1","0.6","82.0","3.1","3.7","6.1","6.4","6.9","7.0","5.8","5.9","6.1","6.8","7.3","8.1","7.8","6.6","5.4","3.9","2.7","2.4","2.2","2.6",2099.2,222.2,17508,"68.7","33.1","51.0","26.9","2.65","3.23","7.5","21.0","17.9","9.9","27.8",693,"73.1","26.9","32.2","82.3","11.5","88.7","24.4","41.7","5.8","14.9","7.2"
"Milford","1600000US2541200","Milford CDP, Massachusetts",10337,"95.1","61.8","38.2","25055","9.0","0.5","86.3","2.3","2.3","6.9","5.9","6.0","5.9","5.9","7.4","6.9","7.4","7.6","7.8","7.6","6.4","5.2","3.9","2.6","2.1","2.2","2.4",1742.9,360.7,9494,"68.1","31.4","52.2","24.9","2.62","3.16","6.0","22.1","20.7","10.0","30.7",369,"71.8","28.2","31.8","78.4","15.3","84.6","19.1","43.9","4.7","20.6","9.8"
"Milton","1600000US2541725","Milton CDP, Massachusetts",9700,"95.6","82.4","17.6","27003","3.3","0.5","77.4","14.3","4.1","5.7","7.3","7.2","8.6","6.6","3.4","3.9","5.5","7.2","7.8","7.9","7.8","5.9","3.8","3.1","2.9","2.6","3.0",1107.3,111.1,8956,"74.4","38.2","60.4","22.0","2.82","3.33","3.8","40.6","30.7","27.5","58.2",305,"82.5","17.5","36.1","86.4","18.4","88.7","35.3","33.4","6.3","11.2","7.7"
"Nantucket","1600000US2543755","Nantucket CDP, Massachusetts",6554,"46.3","54.8","45.2","7446","12.1","0.5","86.1","7.6","1.4","7.5","5.5","4.9","4.6","5.2","8.3","9.2","9.3","8.5","8.2","7.1","6.0","5.0","3.2","2.8","1.9","1.4","1.4",3490,648.8,2756,"63.2","38.3","46.8","27.3","2.58","3.12","9.4","20.0","26.3","11.9","38.2",168,"84.1","15.9","40.7","82.7","34.5","90.8","20.9","41.5","5.9","16.1","7.7"
"Needham","1600000US2544140","Needham CDP, Massachusetts",11122,"93.0","83.6","16.4","28886","2.1","1.5","90.8","1.0","6.1","6.5","8.6","8.5","6.4","3.4","2.5","3.4","6.1","7.9","8.7","8.4","7.1","6.2","4.1","3.0","2.9","2.7","3.6",931.2,31.2,10350,"73.7","40.1","65.1","24.9","2.69","3.23","3.9","24.2","32.3","39.7","72.1",272,"85.1","14.9","25.4","87.1","30.4","90.6","20.5","43.5","5.3","11.6","8.6"
"New Bedford","1600000US2545000","New Bedford city, Massachusetts",42933,"90.3","42.1","57.9","95072","16.7","1.5","74.5","6.4","0.9","6.9","6.2","6.2","6.6","7.5","7.6","7.0","6.3","6.5","6.8","6.8","5.9","5.1","3.8","2.9","2.7","2.4","2.8",3802.4,1223.3,38869,"60.8","30.4","34.4","32.7","2.40","3.03","14.0","8.5","10.0","4.6","14.6",1308,"62.5","37.5","41.7","75.7","9.5","84.7","21.5","40.8","6.6","19.7","8.0"
"Newburyport","1600000US2545245","Newburyport city, Massachusetts",8264,"92.2","71.5","28.5","17416","1.7","1.6","96.4","0.6","1.1","5.4","6.1","5.6","5.2","3.3","4.0","4.7","6.2","7.9","9.2","9.4","8.5","7.9","5.1","3.4","2.8","2.4","2.7",1332.1,120.6,7534,"58.9","23.3","50.5","34.1","2.26","2.98","3.0","32.0","32.1","21.8","53.9",224,"88.7","11.3","30.0","89.1","27.4","86.1","26.1","37.3","6.6","9.8","11.5"
"Newton","1600000US2545560","Newton city, Massachusetts",32648,"95.5","68.6","31.4","85146","4.1","0.6","82.3","2.5","11.5","5.3","6.2","6.3","9.4","6.6","4.9","4.8","5.8","6.8","7.6","7.3","7.2","6.6","4.2","3.0","2.5","2.5","2.9",1423.4,102.2,30735,"67.6","33.0","57.5","24.7","2.51","3.03","5.1","16.6","28.2","45.9","74.1",816,"74.3","25.7","34.1","78.3","31.0","84.2","42.4","30.7","4.5","20.4","7.2"
"North Adams","1600000US2546225","North Adams city, Massachusetts",6752,"86.9","53.1","46.9","13708","3.5","0.8","93.0","2.3","0.7","5.5","4.8","5.1","9.1","10.1","6.2","5.2","5.4","5.8","6.7","7.7","6.3","5.6","4.3","3.3","3.2","2.9","3.0",4493.7,933.8,5867,"52.7","23.4","33.1","41.8","2.14","2.90","8.6","15.5","13.5","6.4","20.0",147,"96.0","4.0","49.1","96.5","21.2","87.3","47.1","22.2","3.9","2.9","6.9"
"Northampton","1600000US2546330","Northampton city, Massachusetts",12728,"94.3","56.3","43.7","28549","6.8","3.0","87.7","2.7","4.1","3.8","4.3","4.9","7.7","9.8","7.6","6.2","5.7","6.2","7.6","7.8","7.8","7.0","3.8","2.9","2.2","1.9","2.7",2942.3,367.8,11853,"45.6","22.6","32.2","41.6","2.07","2.93","7.9","21.9","22.4","29.5","51.9",139,"87.5","12.5","41.3","87.9","37.4","81.8","53.8","24.6","3.6","9.0","4.6"
"Northborough","1600000US2546785","Northborough CDP, Massachusetts",2427,"95.8","77.9","22.1","6167","3.0","2.5","88.3","1.1","7.5","4.9","7.5","7.7","6.5","3.8","4.7","4.7","6.6","7.9","9.8","8.3","7.2","5.6","3.8","2.5","2.7","2.7","3.0",812.4,70.6,2381,"70.5","34.4","57.4","23.0","2.57","3.09","4.7","24.1","33.3","22.4","55.7",79,"86.5","13.5","27.8","89.2","22.3","94.2","23.8","44.1","7.3","10.0","9.0"
"Norton","1600000US2550005","Norton Center CDP, Massachusetts",469,"95.1","76.5","23.5","2671","4.0","0.0","88.5","3.6","3.5","2.5","3.7","3.9","24.7","29.0","3.0","3.0","4.0","4.8","5.4","4.9","4.5","2.5","1.5","1.2","0.7","0.3","0.4",536,15.8,446,"79.8","45.5","48.0","20.2","2.54","2.85","25.8","36.3","28.1","15.7","43.8",0,"94.8","5.2","80.6","94.8","39.1","70.5","85.4","6.6","0.5","4.7","0.9"
"Norwood","1600000US2550285","Norwood CDP, Massachusetts",12479,"95.5","57.4","42.6","28602","4.3","1.3","85.1","5.2","5.9","6.1","5.3","5.5","5.4","5.1","7.3","7.3","6.6","6.9","7.7","7.4","6.5","5.5","4.1","3.6","3.3","3.1","3.3",1723.7,101.4,11559,"62.0","26.8","49.5","30.9","2.42","3.07","3.7","35.7","25.4","15.9","41.2",402,"80.9","19.1","35.1","82.9","14.0","88.4","27.2","39.7","3.2","16.2","7.5"
"Oxford","1600000US2551790","Oxford CDP, Massachusetts",2454,"95.9","75.3","24.7","6103","2.3","1.1","96.6","0.6","0.8","5.5","6.4","6.6","6.7","4.9","4.7","6.0","6.4","8.2","8.2","8.7","7.9","6.1","4.1","3.1","2.4","2.3","1.8",1444.3,291.8,2418,"64.9","36.0","51.3","31.4","2.69","3.40","8.5","22.8","16.5","5.6","22.1",115,"96.2","3.8","28.7","98.6","13.7","87.4","17.5","51.2","4.7","0.9","7.3"
"Palmer","1600000US2552144","Palmer Town city, Massachusetts",5534,"92.1","67.3","32.7","12140","2.4","0.5","95.5","1.1","0.9","4.7","5.7","6.0","7.1","6.1","5.9","5.2","5.9","7.8","8.8","9.1","7.0","6.2","3.9","2.8","2.6","2.3","2.8",1565.1,420.1,5006,"66.7","26.5","47.9","28.3","2.42","2.93","6.6","22.1","11.6","7.2","18.8",219,"93.9","6.1","30.7","96.4","16.3","91.6","21.3","40.6","5.6","3.0","5.4"
"Peabody","1600000US2552490","Peabody city, Massachusetts",22220,"95.9","65.6","34.4","51251","6.3","0.8","90.4","2.4","1.9","4.9","4.9","5.5","5.8","5.3","5.8","5.5","5.9","6.9","7.9","8.0","7.0","6.0","4.7","3.9","3.8","3.9","4.2",2376.5,216.6,20890,"62.7","26.8","49.9","32.0","2.41","3.10","5.0","25.6","18.9","11.1","30.0",479,"80.6","19.4","29.6","85.1","9.3","90.6","25.9","37.8","4.4","13.6","8.1"
"Pepperell","1600000US2552770","Pepperell CDP, Massachusetts",1036,"95.5","58.4","41.6","2504","2.0","0.0","95.0","1.0","1.5","5.6","6.4","7.6","8.4","6.7","5.2","4.4","6.1","6.9","9.5","9.7","6.0","5.5","3.6","2.4","2.7","1.9","1.5",1061.1,313.1,852,"62.7","33.5","47.1","29.9","2.63","3.37","8.8","30.7","21.6","10.5","32.1",20,"97.4","2.6","39.5","97.2","27.1","88.6","16.8","50.6","6.5","2.3","4.1"
"Pittsfield","1600000US2553960","Pittsfield city, Massachusetts",21487,"91.5","60.4","39.6","44737","5.0","2.0","88.3","5.3","1.2","5.7","5.6","5.9","6.2","5.8","6.2","5.6","5.7","6.6","8.0","7.8","6.9","6.3","4.5","3.6","3.4","3.0","3.1",2644.3,628.1,19966,"55.7","25.3","37.6","38.1","2.18","2.86","9.6","26.8","15.3","11.2","26.5",627,"91.9","8.1","36.4","93.6","22.5","86.4","24.0","40.9","5.8","5.1","6.4"
"Plymouth","1600000US2554275","Plymouth CDP, Massachusetts",3622,"94.1","44.9","55.1","7494","1.7","2.9","91.2","1.9","1.4","5.7","4.9","4.6","4.7","5.3","8.4","7.5","7.4","7.6","8.1","7.8","6.2","5.7","4.0","2.5","2.7","2.3","4.8",1981.7,478.1,3177,"47.4","24.1","32.6","44.7","2.06","3.00","9.7","34.6","17.0","14.0","31.0",14,"94.2","5.8","33.5","93.3","16.3","83.7","22.0","43.4","7.0","5.9","6.1"
"Quincy","1600000US2555745","Quincy city, Massachusetts",42838,"94.9","48.0","52.0","92271","3.3","0.8","67.3","4.6","24.0","5.4","4.4","4.1","4.5","6.8","10.1","8.5","7.4","6.8","7.5","7.4","6.5","5.6","4.1","3.1","2.8","2.4","2.7",1931.3,448.7,39965,"53.0","20.1","38.5","37.0","2.26","3.06","4.9","32.7","24.0","13.6","37.6",1073,"68.3","31.7","42.8","71.7","12.8","81.9","36.1","31.8","5.8","27.3","7.0"
"Randolph","1600000US2555990","Randolph CDP, Massachusetts",12008,"96.2","70.7","29.3","32112","6.4","0.9","41.6","38.3","12.5","5.8","5.5","6.1","7.0","6.3","6.5","6.3","6.6","7.1","8.1","8.0","7.4","5.9","4.0","2.8","2.6","1.9","2.1",1884,351.9,12041,"68.7","30.2","46.9","27.3","2.63","3.21","9.0","13.6","19.1","9.8","28.9",581,"62.0","38.0","35.7","66.2","9.9","89.6","34.6","39.6","1.8","31.9","5.5"
"Raynham","1600000US2556095","Raynham Center CDP, Massachusetts",1551,"96.4","75.1","24.9","4100","1.5","0.0","92.1","2.7","1.7","6.3","6.5","6.7","6.9","5.5","5.4","5.6","7.0","7.7","8.2","8.0","7.1","7.0","4.8","2.4","1.9","2.0","1.1",2488.2,194.3,1563,"82.4","39.2","56.7","13.2","2.95","3.19","9.1","33.4","24.6","4.8","29.4",41,"92.8","7.2","36.8","91.9","14.4","86.6","29.9","38.5","9.0","6.9","5.2"
"Reading","1600000US2556165","Reading CDP, Massachusetts",9617,"96.8","77.9","22.1","24747","1.5","0.6","93.5","0.8","4.2","6.3","7.1","7.5","6.1","4.3","4.6","5.3","6.6","7.9","8.8","8.6","7.2","5.9","3.9","2.9","2.7","2.3","2.4",1034.5,52.5,9055,"72.6","34.9","64.2","23.0","2.69","3.24","2.3","33.6","31.2","24.2","55.3",269,"90.1","9.9","24.7","91.9","16.0","91.8","20.8","46.3","6.6","7.1","7.2"
"Revere","1600000US2556585","Revere city, Massachusetts",22100,"92.6","47.6","52.4","51755","24.4","0.4","74.1","4.9","5.6","6.2","5.5","5.2","5.9","6.9","8.6","7.5","7.3","7.4","7.1","7.1","5.6","5.2","3.9","3.1","2.6","2.4","2.6",3089.6,595.1,19425,"61.9","28.7","40.9","31.4","2.60","3.29","8.6","15.0","13.5","4.9","18.5",832,"57.2","42.8","39.0","67.8","7.1","83.8","22.2","44.1","6.5","30.5","5.8"
"Salem","1600000US2559105","Salem city, Massachusetts",19130,"93.3","50.7","49.3","41340","15.6","0.4","81.5","4.9","2.6","5.6","5.1","4.7","7.2","8.9","7.8","7.3","6.7","6.8","7.4","7.2","6.6","5.8","3.7","2.8","2.4","1.9","2.1",2455.2,454.8,17690,"54.6","25.9","33.9","36.3","2.24","2.92","8.8","24.9","23.9","13.7","37.6",702,"75.5","24.5","42.2","81.4","18.1","81.0","44.2","28.5","4.2","16.8","6.2"
"Saugus","1600000US2560050","Saugus CDP, Massachusetts",10775,"95.8","77.6","22.4","26628","4.0","0.6","91.9","2.1","2.7","4.5","5.2","5.7","5.9","5.6","5.6","5.5","6.4","7.3","8.1","8.4","7.5","6.9","4.9","3.8","3.6","2.9","2.3",4224.9,217.8,9917,"71.5","28.6","55.4","23.6","2.65","3.17","4.8","29.8","17.2","7.5","24.8",295,"84.2","15.8","30.6","87.7","6.9","92.4","21.0","40.9","4.4","11.0","9.2"
"Scituate","1600000US2560295","Scituate CDP, Massachusetts",2338,"91.4","77.3","22.7","5245","0.9","1.1","96.1","0.8","0.8","4.6","7.0","6.9","6.1","3.4","3.1","2.8","5.2","7.7","8.3","9.2","7.6","7.7","5.5","4.9","4.1","3.2","2.5",1229.8,176.5,2169,"62.9","27.7","49.0","33.1","2.38","3.11","4.7","40.1","30.1","21.1","51.2",41,"89.8","10.2","24.4","91.9","22.6","89.7","14.7","53.3","3.6","6.6","10.6"
"Sharon","1600000US2560820","Sharon CDP, Massachusetts",2145,"93.4","89.1","10.9","5658","1.9","0.0","87.5","3.2","6.9","5.7","7.7","8.9","7.8","3.4","3.3","3.9","6.2","7.1","8.8","9.4","9.0","6.8","4.0","2.4","2.1","1.8","1.6",653,22.7,2007,"81.6","38.5","66.2","15.5","2.75","3.05","5.9","16.8","25.7","37.6","63.3",55,"83.4","16.6","23.6","84.1","28.0","91.9","22.0","41.0","3.2","14.5","9.7"
"Somerset","1600000US2562465","Somerset CDP, Massachusetts",7394,"95.8","81.6","18.4","18165","1.1","1.4","97.4","0.4","0.8","4.4","5.4","5.8","5.9","4.7","4.3","5.0","6.4","7.6","8.1","7.5","6.9","6.6","5.4","4.2","3.9","3.8","4.2",1194.6,231.2,6983,"69.5","27.2","55.3","26.3","2.56","3.07","3.8","19.2","16.9","9.8","26.7",144,"86.6","13.4","30.2","91.4","12.8","92.8","24.2","40.4","4.2","7.7","6.7"
"Somerville","1600000US2562535","Somerville city, Massachusetts",33720,"95.2","32.4","67.6","75754(r16168)","10.6","0.0","73.9","6.8","8.7","4.6","3.1","2.6","4.6","12.2","18.6","12.8","8.3","6.0","5.4","4.9","4.2","3.8","2.6","2.1","1.7","1.4","1.4",2649.4,324.7,31476,"44.7","16.9","30.7","31.9","2.29","2.93","4.8","17.5","26.6","26.3","52.8",1085,"67.7","32.3","57.7","72.5","29.3","76.6","66.6","17.5","3.3","26.0","3.3"
"Southbridge","1600000US2563345","Southbridge Town city, Massachusetts",7527,"91.2","47.0","53.0","16719","26.6","1.1","81.2","2.6","1.9","6.1","6.5","6.3","6.9","7.0","6.5","6.3","6.8","7.2","7.4","7.2","6.3","5.8","3.7","2.7","2.2","2.2","2.9",2159.2,610.1,6548,"64.1","32.9","39.6","28.2","2.54","3.07","13.7","12.9","9.2","5.1","14.3",222,"67.2","32.8","38.1","79.5","12.6","81.4","20.0","48.2","2.0","6.4","4.4"
"Spencer","1600000US2566070","Spencer CDP, Massachusetts",2798,"89.1","44.3","55.7","5700","4.3","0.0","95.1","0.8","0.8","5.8","5.7","7.1","5.9","6.5","7.7","6.9","6.5","6.9","7.6","7.2","6.1","6.0","3.7","3.3","2.7","2.2","2.2",1822.4,342.2,2417,"55.7","22.8","40.6","39.3","2.22","2.93","6.3","22.4","13.5","6.0","19.5",40,"87.6","12.4","31.2","92.7","11.8","79.8","30.1","30.1","6.8","3.3","8.6"
"Springfield","1600000US2567000","Springfield city, Massachusetts",61706,"92.0","49.8","50.2","153060","38.8","0.6","51.8","22.3","2.4","7.3","7.2","7.5","9.3","8.8","6.9","6.4","6.1","6.3","6.5","6.4","5.7","4.7","3.3","2.3","2.0","1.7","1.7",4936.6,1367.4,56211,"64.0","33.0","32.4","29.9","2.60","3.23","16.7","11.2","10.8","6.4","17.2",2708,"64.5","35.5","47.4","74.6","18.8","83.4","27.7","38.2","5.5","10.3","6.4"
"Stoneham","1600000US2567700","Stoneham CDP, Massachusetts",9458,"95.1","68.5","31.5","21437(r16169)","3.0","1.1","92.2","1.8","3.4","5.0","5.6","5.6","5.4","4.5","5.5","5.9","6.2","7.4","8.1","8.3","7.5","6.5","4.8","3.8","3.6","3.1","3.3",1670,163.3,8909,"61.7","26.0","49.3","29.8","2.37","3.03","4.2","30.3","23.4","15.0","38.4",329,"87.3","12.7","32.2","90.0","11.7","92.7","26.4","38.1","6.9","9.2","6.3"
"Swampscott","1600000US2568680","Swampscott CDP, Massachusetts",5888,"93.8","76.5","23.5","13787","2.6","1.2","94.6","1.2","1.9","5.4","6.2","6.8","6.2","3.7","3.4","4.3","5.9","7.6","8.9","8.5","8.2","7.1","4.6","3.5","2.8","3.0","3.9",1943.9,137.8,5577,"70.5","32.0","56.0","27.1","2.44","2.97","6.2","26.9","31.8","25.3","57.1",105,"82.0","18.0","21.7","85.6","19.8","88.3","25.6","44.2","2.0","13.4","6.1"
"Taunton","1600000US2569170","Taunton city, Massachusetts",23896,"93.5","61.9","38.1","55874","5.5","1.0","87.2","5.0","1.0","6.3","6.0","6.2","6.4","5.9","6.8","6.6","6.9","7.6","8.4","7.9","6.4","5.2","3.9","3.0","2.4","2.1","2.2",1682.4,547.7,21799,"65.8","29.9","47.2","26.8","2.53","3.07","8.6","22.2","13.0","6.6","19.6",742,"80.8","19.2","34.9","87.1","11.4","88.5","19.5","43.6","5.6","11.0","9.5"
"Wakefield","1600000US2572250","Wakefield CDP, Massachusetts",10500,"95.2","73.3","26.7","24932(r16170)","2.3","0.8","94.5","0.9","2.6","5.6","5.9","6.2","5.5","4.7","6.1","6.2","6.8","7.9","8.6","8.3","7.3","6.2","4.2","3.3","2.5","2.4","2.3",1207.3,244.7,10058,"63.5","27.6","52.9","31.3","2.44","3.12","3.2","33.6","28.2","16.3","44.5",400,"91.6","8.4","30.0","93.2","13.2","91.6","25.0","39.3","4.5","6.4","7.4"
"Walpole","1600000US2572460","Walpole CDP, Massachusetts",2587,"95.0","79.2","20.8","5918","2.0","0.0","93.8","1.5","3.1","5.0","7.2","6.5","5.4","3.7","4.8","4.8","6.0","8.1","9.0","7.6","7.3","6.1","4.3","4.0","3.8","3.4","2.8",1882,74.8,2522,"66.4","29.5","53.0","27.2","2.42","3.00","3.9","47.4","27.0","19.0","46.0",14,"95.7","4.3","25.5","94.3","17.6","94.6","20.7","46.7","7.8","5.3","6.9"
"Waltham","1600000US2572600","Waltham city, Massachusetts",24926,"95.0","48.8","51.2","60632","13.7","0.5","75.4","6.0","9.7","5.3","3.7","3.4","8.1","12.5","9.9","8.9","6.9","5.9","6.3","6.2","5.7","4.9","3.5","2.6","2.3","1.9","2.0",1702.1,249,23520,"53.6","20.5","41.7","35.1","2.25","2.96","3.6","19.8","25.9","19.6","45.5",735,"66.1","33.9","48.8","71.0","22.1","79.0","63.9","17.3","2.3","27.6","4.8"
"Ware","1600000US2572845","Ware CDP, Massachusetts",3011,"87.8","52.3","47.7","6170","5.3","0.0","92.9","1.3","0.6","7.1","6.6","5.9","5.9","6.3","6.8","7.3","6.2","6.3","7.2","7.2","6.2","5.5","4.4","3.1","2.8","2.4","2.8",1934.8,445.7,2771,"59.2","26.1","36.2","35.9","2.16","2.76","13.1","27.8","8.5","3.3","11.8",76,"93.2","6.8","31.5","93.4","14.3","87.1","9.2","40.3","13.7","4.0","14.9"
"Wareham","1600000US2573020","Wareham Center CDP, Massachusetts",1974,"65.1","58.9","41.1","2896","1.8","0.0","88.6","3.0","0.5","5.9","5.7","6.6","5.9","5.6","5.5","5.4","5.8","6.2","7.7","8.4","6.9","6.7","5.2","3.8","4.0","2.4","2.2",3336.1,760.7,1533,"51.5","26.0","30.3","44.6","2.02","2.77","17.4","23.4","12.4","8.9","21.3",0,"96.1","3.9","35.7","97.0","16.5","75.5","30.1","39.8","5.1","2.1","3.7"
"Watertown","1600000US2573440","Watertown Town city, Massachusetts",15584,"94.4","50.0","50.0","31915","5.3","0.3","84.9","3.0","7.2","5.7","3.8","3.7","3.7","5.6","11.2","10.5","8.3","6.8","6.9","6.8","6.3","5.6","3.9","3.1","3.0","2.6","2.3",1676.3,200.5,14042,"53.1","19.7","42.4","34.0","2.17","2.85","3.0","21.8","29.3","25.3","54.6",683,"68.2","31.8","40.8","73.1","22.6","85.5","49.4","23.4","4.0","25.9","8.1"
"Webster","1600000US2573930","Webster CDP, Massachusetts",5479,"89.1","43.0","57.0","11412","8.9","2.6","89.1","3.8","1.0","6.6","5.8","5.8","6.1","6.9","7.5","6.5","6.7","6.8","7.5","7.4","5.7","5.2","3.7","2.7","2.4","2.4","4.0",2600.3,572.6,5195,"53.1","24.3","31.5","38.5","2.20","2.91","10.5","20.3","9.3","2.8","12.1",156,"87.2","12.8","39.4","91.3","14.0","80.3","20.5","45.4","4.3","6.6","2.2"
"West Springfield","1600000US2577890","West Springfield Town city, Massachusetts",12697,"95.5","58.0","42.0","28391","8.7","0.4","86.3","3.3","4.4","5.9","5.5","5.8","6.3","6.7","7.3","6.0","5.9","6.7","8.0","7.7","7.2","5.9","4.1","3.2","2.9","2.5","2.4",4709.2,542.4,11571,"61.8","28.0","43.1","32.1","2.42","3.10","7.6","19.7","17.5","8.5","26.0",544,"75.9","24.1","38.9","81.7","14.9","86.3","28.4","39.2","5.8","16.4","4.1"
"Westborough","1600000US2575050","Westborough CDP, Massachusetts",1842,"95.2","55.5","44.5","4045","6.2","3.1","86.3","1.3","6.7","5.7","5.7","6.0","5.9","4.3","6.9","7.1","7.6","7.6","9.0","8.9","6.8","4.6","3.1","3.0","2.1","2.6","3.1",1428.4,87.6,1590,"57.6","31.4","43.8","36.4","2.35","3.20","4.4","21.1","22.2","25.2","47.4",92,"74.8","25.2","37.0","80.9","22.5","90.0","28.0","34.4","4.3","18.0","12.1"
"Westfield","1600000US2576030","Westfield city, Massachusetts",16075,"95.4","67.5","32.5","41094","7.5","0.9","92.8","1.6","1.3","5.3","5.6","6.2","9.6","9.5","5.5","4.9","5.6","6.8","7.4","7.5","6.7","5.8","4.1","2.8","2.4","2.0","2.3",1971.1,231.2,15207,"65.9","30.9","48.2","28.8","2.50","3.09","8.7","22.4","17.4","8.5","25.9",312,"87.7","12.3","38.3","90.4","19.3","88.5","39.8","31.5","2.8","6.8","6.0"
"Weymouth","1600000US2578972","Weymouth Town city, Massachusetts",23480,"95.5","67.3","32.7","53743","2.6","0.7","89.7","3.1","3.2","5.9","5.6","5.7","5.5","5.2","6.3","6.6","6.7","7.5","8.3","8.3","7.2","6.0","4.6","3.1","2.8","2.5","2.2",1920.3,334.9,22543,"60.4","27.7","46.1","32.8","2.35","3.04","6.0","43.8","23.2","9.5","32.7",811,"89.0","11.0","34.3","90.4","9.7","90.8","19.5","41.7","4.8","8.9","9.0"
"Wilbraham","1600000US2579705","Wilbraham CDP, Massachusetts",1502,"95.9","88.5","11.5","3915","2.4","5.1","95.0","1.8","1.8","3.6","4.9","7.4","7.2","4.2","2.9","3.0","4.5","6.9","8.1","8.5","8.0","6.5","5.1","4.3","3.9","4.8","6.3",1772.3,84.4,1150,"81.4","27.2","68.3","16.3","2.49","2.74","5.7","15.4","29.8","17.6","47.4",10,"90.8","9.2","23.9","93.6","23.8","87.7","23.6","44.7","2.0","4.9","5.9"
"Wilmington","1600000US2580195","Wilmington CDP, Massachusetts",7808,"96.5","88.0","12.0","22325","1.8","1.1","93.5","0.8","3.7","6.0","6.8","7.8","6.9","4.8","4.6","4.9","6.5","8.5","9.8","8.7","6.6","5.2","3.8","2.8","2.5","2.0","1.9",1496.1,156.8,7200,"83.6","38.9","71.6","12.6","3.04","3.33","3.7","35.3","21.4","14.4","35.8",268,"92.8","7.2","26.1","93.3","10.2","93.9","22.0","35.1","4.1","6.5","12.9"
"Winchendon","1600000US2580370","Winchendon CDP, Massachusetts",1799,"90.3","53.4","46.6","4213","4.8","0.0","91.1","2.0","3.2","5.8","6.2","7.7","11.7","6.7","6.5","5.0","5.5","6.1","8.3","7.4","5.2","4.8","3.8","3.1","2.6","2.1","1.6",2378.6,504.9,1638,"55.8","22.6","42.1","32.7","2.26","3.05","5.1","25.1","9.8","9.0","18.7",53,"95.5","4.5","35.5","94.2","19.0","81.1","25.8","33.2","1.9","4.7","7.3"
"Winchester","1600000US2580545","Winchester CDP, Massachusetts",7986,"95.7","83.2","16.8","21374","1.9","1.5","87.1","1.0","9.3","6.5","9.0","8.6","6.1","2.7","2.6","3.5","6.6","8.4","9.2","8.1","6.7","5.7","4.2","3.5","2.8","2.4","3.4",1539.3,46.8,7611,"77.1","39.0","67.5","20.6","2.76","3.23","2.3","29.9","29.9","40.4","70.2",243,"81.0","19.0","22.1","83.8","22.5","92.1","14.8","44.8","9.3","15.2","9.7"
"Winthrop","1600000US2581005","Winthrop Town city, Massachusetts",8320,"93.5","55.3","44.7","17497","6.1","0.0","91.8","2.0","1.2","5.1","4.9","5.0","5.1","5.1","6.1","6.2","6.7","7.9","8.3","8.7","7.4","7.1","5.3","3.4","3.1","2.4","2.3",1411.7,474.4,7356,"60.8","24.9","43.3","33.2","2.35","3.04","7.4","37.3","21.7","10.5","32.3",205,"86.2","13.8","35.2","88.3","11.4","87.2","28.5","39.1","5.8","11.1","7.2"
"Woburn","1600000US2581035","Woburn city, Massachusetts",16309,"95.2","61.0","39.0","38120","4.5","0.6","84.2","4.2","7.3","5.9","5.3","5.3","5.1","5.6","7.6","7.6","6.9","7.3","7.9","7.8","6.5","5.3","3.9","3.3","3.3","2.8","2.6",1972.7,225.6,15357,"63.0","28.4","47.5","31.0","2.45","3.12","5.9","34.0","18.9","12.7","31.7",671,"79.2","20.8","37.0","83.5","9.8","87.4","24.7","37.5","4.6","15.4","8.8"
"Worcester","1600000US2582000","Worcester city, Massachusetts",74645,"91.9","44.5","55.5","181045","20.9","1.2","69.4","11.6","6.1","6.6","5.9","5.8","8.6","10.5","7.8","6.9","6.6","6.4","6.6","6.7","5.5","4.4","3.1","2.3","2.1","1.9","2.2",3420.7,973.2,70248,"57.8","28.7","35.5","33.4","2.40","3.10","10.9","17.9","18.6","11.4","30.1",2909,"66.4","33.6","45.0","73.9","15.3","83.9","42.8","30.6","4.3","20.6","5.0"
